Id,y_pred
0,True
1,True
2,True
3,True
4,False
5,False
6,True
7,False
8,False
9,True
10,False
11,False
12,True
13,True
14,True
15,True
16,False
17,True
18,False
19,False
20,True
21,False
22,False
23,False
24,True
25,True
26,False
27,True
28,True
29,False
30,False
31,False
32,False
33,True
34,True
35,True
36,False
37,False
38,False
39,True
40,False
41,True
42,True
43,False
44,True
45,True
46,False
47,False
48,False
49,False
50,False
51,True
52,False
53,True
54,True
55,False
56,False
57,False
58,False
59,False
60,False
61,False
62,False
63,True
64,False
65,True
66,True
67,False
68,True
69,True
70,True
71,True
72,False
73,True
74,True
75,True
76,False
77,False
78,False
79,False
80,False
81,True
82,True
83,False
84,True
85,False
86,False
87,False
88,False
89,True
90,True
91,False
92,True
93,True
94,True
95,False
96,False
97,True
98,False
99,True
100,True
101,False
102,False
103,True
104,False
105,True
106,False
107,True
108,False
109,False
110,True
111,True
112,False
113,False
114,True
115,False
116,True
117,True
118,True
119,False
120,True
121,False
122,True
123,False
124,True
125,True
126,False
127,False
128,False
129,True
130,False
131,True
132,True
133,False
134,True
135,True
136,False
137,True
138,True
139,False
140,False
141,False
142,True
143,True
144,False
145,False
146,False
147,True
148,True
149,False
150,True
151,True
152,True
153,False
154,False
155,False
156,True
157,True
158,True
159,True
160,True
161,True
162,False
163,True
164,False
165,False
166,False
167,True
168,False
169,True
170,True
171,False
172,False
173,True
174,False
175,False
176,True
177,True
178,True
179,True
180,True
181,False
182,False
183,False
184,False
185,True
186,False
187,False
188,True
189,True
190,False
191,False
192,True
193,True
194,True
195,False
196,True
197,True
198,True
199,False
200,False
201,False
202,True
203,False
204,True
205,True
206,False
207,True
208,True
209,True
210,True
211,True
212,False
213,True
214,True
215,False
216,True
217,True
218,True
219,True
220,True
221,True
222,False
223,True
224,True
225,True
226,True
227,True
228,False
229,False
230,True
231,False
232,True
233,False
234,True
235,True
236,True
237,True
238,False
239,False
240,False
241,True
242,True
243,True
244,True
245,False
246,False
247,True
248,True
249,False
250,True
251,False
252,True
253,True
254,True
255,False
256,True
257,True
258,True
259,True
260,True
261,False
262,False
263,False
264,True
265,False
266,True
267,True
268,True
269,True
270,True
271,True
272,False
273,True
274,False
275,False
276,False
277,True
278,True
279,False
280,True
281,False
282,False
283,True
284,False
285,False
286,True
287,False
288,True
289,False
290,False
291,False
292,False
293,True
294,True
295,True
296,False
297,False
298,False
299,True
300,True
301,False
302,True
303,True
304,True
305,False
306,True
307,True
308,False
309,True
310,True
311,False
312,True
313,False
314,False
315,True
316,False
317,False
318,True
319,False
320,False
321,False
322,False
323,True
324,True
325,False
326,False
327,True
328,True
329,True
330,True
331,False
332,True
333,True
334,False
335,True
336,False
337,True
338,False
339,False
340,False
341,True
342,True
343,True
344,True
345,False
346,True
347,True
348,False
349,True
350,False
351,True
352,False
353,True
354,True
355,False
356,False
357,False
358,True
359,True
360,False
361,True
362,True
363,False
364,True
365,True
366,True
367,False
368,False
369,False
370,False
371,True
372,False
373,True
374,False
375,True
376,False
377,True
378,False
379,True
380,True
381,True
382,False
383,True
384,False
385,False
386,False
387,True
388,False
389,True
390,True
391,False
392,False
393,True
394,True
395,True
396,False
397,True
398,False
399,False
400,False
401,True
402,False
403,True
404,False
405,False
406,True
407,True
408,True
409,True
410,True
411,False
412,False
413,True
414,True
415,False
416,True
417,False
418,True
419,True
420,True
421,True
422,False
423,False
424,True
425,False
426,False
427,True
428,True
429,True
430,False
431,True
432,False
433,False
434,False
435,True
436,False
437,True
438,False
439,True
440,False
441,False
442,False
443,True
444,True
445,True
446,False
447,True
448,False
449,True
450,True
451,True
452,True
453,True
454,True
455,False
456,False
457,True
458,True
459,True
460,True
461,False
462,False
463,True
464,False
465,True
466,False
467,False
468,True
469,True
470,False
471,True
472,False
473,True
474,True
475,True
476,True
477,False
478,True
479,False
480,True
481,True
482,True
483,False
484,False
485,False
486,False
487,True
488,False
489,False
490,False
491,True
492,False
493,False
494,True
495,False
496,True
497,True
498,True
499,True
500,True
501,True
502,True
503,True
504,True
505,True
506,False
507,False
508,True
509,True
510,True
511,False
512,False
513,False
514,True
515,True
516,True
517,True
518,True
519,True
520,False
521,True
522,False
523,False
524,False
525,False
526,False
527,True
528,False
529,False
530,True
531,True
532,True
533,False
534,False
535,True
536,True
537,True
538,True
539,True
540,True
541,True
542,False
543,True
544,True
545,False
546,True
547,False
548,True
549,True
550,False
551,False
552,False
553,False
554,False
555,True
556,True
557,True
558,True
559,False
560,False
561,True
562,True
563,True
564,False
565,False
566,True
567,True
568,False
569,False
570,False
571,False
572,True
573,True
574,True
575,True
576,False
577,False
578,False
579,True
580,False
581,True
582,False
583,False
584,False
585,False
586,False
587,True
588,True
589,False
590,False
591,False
592,True
593,True
594,False
595,True
596,False
597,True
598,True
599,False
600,False
601,False
602,False
603,True
604,False
605,True
606,True
607,True
608,False
609,True
610,False
611,False
612,False
613,False
614,True
615,False
616,False
617,True
618,True
619,True
620,True
621,True
622,False
623,False
624,True
625,False
626,False
627,True
628,False
629,False
630,False
631,True
632,False
633,False
634,False
635,False
636,True
637,False
638,True
639,False
640,False
641,True
642,True
643,True
644,True
645,True
646,True
647,True
648,True
649,False
650,True
651,True
652,True
653,True
654,True
655,False
656,True
657,True
658,True
659,False
660,True
661,True
662,True
663,True
664,False
665,True
666,False
667,False
668,True
669,True
670,True
671,True
672,True
673,True
674,True
675,True
676,True
677,False
678,True
679,True
680,True
681,False
682,True
683,False
684,False
685,True
686,False
687,False
688,False
689,True
690,False
691,True
692,False
693,False
694,False
695,True
696,True
697,False
698,True
699,False
700,True
701,False
702,True
703,False
704,False
705,True
706,False
707,False
708,True
709,False
710,False
711,True
712,True
713,False
714,False
715,False
716,True
717,False
718,True
719,True
720,False
721,True
722,False
723,True
724,False
725,True
726,True
727,True
728,True
729,True
730,True
731,True
732,True
733,False
734,True
735,False
736,False
737,False
738,True
739,False
740,True
741,True
742,False
743,False
744,True
745,False
746,False
747,True
748,True
749,True
750,False
751,True
752,True
753,True
754,True
755,True
756,True
757,False
758,True
759,True
760,False
761,False
762,True
763,True
764,False
765,False
766,True
767,False
768,False
769,True
770,True
771,False
772,False
773,True
774,False
775,True
776,True
777,True
778,True
779,True
780,False
781,True
782,True
783,True
784,False
785,False
786,False
787,True
788,False
789,True
790,True
791,True
792,False
793,True
794,False
795,True
796,False
797,True
798,True
799,True
800,True
801,False
802,True
803,False
804,True
805,True
806,True
807,True
808,False
809,True
810,False
811,True
812,True
813,False
814,True
815,True
816,False
817,True
818,False
819,False
820,True
821,True
822,True
823,False
824,False
825,False
826,True
827,False
828,True
829,True
830,True
831,True
832,False
833,False
834,True
835,True
836,False
837,True
838,False
839,False
840,False
841,True
842,False
843,True
844,False
845,False
846,False
847,False
848,True
849,True
850,True
851,False
852,False
853,True
854,True
855,False
856,True
857,False
858,True
859,True
860,False
861,False
862,True
863,True
864,True
865,False
866,False
867,True
868,True
869,False
870,False
871,True
872,True
873,False
874,True
875,True
876,False
877,False
878,True
879,True
880,False
881,True
882,True
883,False
884,False
885,False
886,True
887,False
888,True
889,True
890,False
891,False
892,False
893,True
894,False
895,False
896,False
897,False
898,False
899,False
900,True
901,False
902,True
903,True
904,False
905,False
906,True
907,True
908,True
909,False
910,False
911,False
912,False
913,True
914,False
915,False
916,False
917,True
918,True
919,False
920,True
921,True
922,True
923,True
924,False
925,True
926,False
927,True
928,True
929,False
930,True
931,True
932,False
933,True
934,True
935,True
936,True
937,True
938,False
939,False
940,True
941,True
942,False
943,False
944,False
945,False
946,False
947,True
948,True
949,False
950,True
951,False
952,True
953,False
954,True
955,True
956,False
957,True
958,False
959,False
960,True
961,True
962,True
963,False
964,True
965,True
966,False
967,False
968,False
969,False
970,True
971,True
972,False
973,True
974,True
975,True
976,False
977,False
978,False
979,True
980,False
981,False
982,True
983,True
984,False
985,False
986,False
987,False
988,True
989,True
990,False
991,False
992,False
993,False
994,False
995,True
996,False
997,False
998,True
999,True
1000,True
1001,False
1002,False
1003,False
1004,True
1005,True
1006,True
1007,False
1008,True
1009,True
1010,True
1011,False
1012,True
1013,True
1014,True
1015,True
1016,False
1017,True
1018,False
1019,False
1020,True
1021,True
1022,True
1023,True
1024,True
1025,True
1026,True
1027,False
1028,False
1029,False
1030,True
1031,False
1032,False
1033,True
1034,False
1035,False
1036,True
1037,True
1038,False
1039,True
1040,True
1041,True
1042,True
1043,True
1044,False
1045,False
1046,False
1047,False
1048,True
1049,True
1050,False
1051,False
1052,False
1053,True
1054,True
1055,False
1056,True
1057,False
1058,True
1059,False
1060,True
1061,True
1062,False
1063,True
1064,True
1065,True
1066,False
1067,True
1068,True
1069,False
1070,False
1071,False
1072,True
1073,False
1074,True
1075,True
1076,True
1077,False
1078,False
1079,False
1080,False
1081,True
1082,True
1083,False
1084,False
1085,False
1086,False
1087,True
1088,True
1089,True
1090,True
1091,True
1092,True
1093,True
1094,False
1095,False
1096,True
1097,True
1098,False
1099,True
1100,True
1101,False
1102,False
1103,True
1104,True
1105,False
1106,True
1107,False
1108,False
1109,False
1110,True
1111,True
1112,True
1113,False
1114,True
1115,True
1116,False
1117,True
1118,False
1119,True
1120,False
1121,False
1122,True
1123,False
1124,False
1125,False
1126,True
1127,True
1128,False
1129,False
1130,False
1131,False
1132,False
1133,False
1134,True
1135,True
1136,False
1137,True
1138,False
1139,True
1140,True
1141,True
1142,False
1143,True
1144,True
1145,True
1146,False
1147,False
1148,False
1149,False
1150,True
1151,True
1152,True
1153,True
1154,False
1155,False
1156,True
1157,True
1158,True
1159,True
1160,False
1161,True
1162,True
1163,True
1164,False
1165,False
1166,False
1167,False
1168,False
1169,False
1170,True
1171,True
1172,True
1173,True
1174,False
1175,False
1176,False
1177,False
1178,False
1179,False
1180,False
1181,False
1182,True
1183,False
1184,False
1185,True
1186,False
1187,True
1188,False
1189,False
1190,True
1191,False
1192,False
1193,True
1194,False
1195,False
1196,False
1197,False
1198,True
1199,False
1200,True
1201,False
1202,False
1203,True
1204,True
1205,True
1206,True
1207,False
1208,True
1209,True
1210,False
1211,True
1212,True
1213,False
1214,False
1215,False
1216,False
1217,True
1218,False
1219,False
1220,True
1221,True
1222,True
1223,True
1224,True
1225,True
1226,True
1227,False
1228,True
1229,False
1230,True
1231,True
1232,False
1233,False
1234,True
1235,True
1236,True
1237,True
1238,False
1239,True
1240,False
1241,False
1242,True
1243,True
1244,True
1245,False
1246,False
1247,False
1248,True
1249,True
1250,False
1251,False
1252,True
1253,False
1254,True
1255,True
1256,False
1257,True
1258,False
1259,True
1260,True
1261,True
1262,False
1263,True
1264,True
1265,False
1266,True
1267,True
1268,True
1269,True
1270,True
1271,True
1272,True
1273,False
1274,False
1275,False
1276,False
1277,True
1278,True
1279,True
1280,True
1281,False
1282,True
1283,False
1284,False
1285,True
1286,True
1287,False
1288,True
1289,False
1290,False
1291,False
1292,True
1293,False
1294,False
1295,True
1296,True
1297,False
1298,True
1299,True
1300,False
1301,True
1302,False
1303,False
1304,True
1305,True
1306,True
1307,True
1308,True
1309,True
1310,False
1311,False
1312,True
1313,False
1314,True
1315,True
1316,True
1317,True
1318,False
1319,True
1320,True
1321,True
